GENE,Cell Line,Region,TRC Version,Mean KnockDown Level,siRNA sequence
HIST1H4C,3T3-L1,CDS,1,0.7,CCGUAAGGUUCUCCGUGAUAA
HIST1H4C,3T3-L1,CDS,1,0.53,CCGUGAUAACAUCCAGGGCAU
HIST1H4C,3T3-L1,CDS,1,0.62,ACCGUAAGGUUCUCCGUGAUA
EEF2,MCF7,CDS,1,0.94,CCAGAGAACAAUCUUGAUGAU
EEF2,MCF7,CDS,1,0.92,GCCCUCUUAUGAUGUAUAUUU
EEF2,A549,CDS,1,0.78,CUGGACAACUUCCUGGACAAA
EEF2,MCF7,CDS,1,0.99,GCAGUACCUCAACGAGAUCAA
EEF2,MCF7,CDS,1,0.96,GCGAUCAUGAAUUUCAAGAAA
EEF2,A549,CDS,2,0.87,GCCCUCUUAUGAUGUAUAUUU
EEF2,A549,CDS,2,0.99,GCGAUCAUGAAUUUCAAGAAA
EEF2,A549,CDS,2,0.99,GCAGUACCUCAACGAGAUCAA
EEF2,A549,CDS,2,0.94,CCAGAGAACAAUCUUGAUGAU
ENO1,MCF7,CDS,1,0.86,CCACUGUUGAGGUUGAUCUCU
ENO1,MCF7,CDS,1,0.87,CGUGAACGAGAAGUCCUGCAA
ENO1,MCF7,CDS,1,0.93,GAAUGUCAUCAAGGAGAAAUA
ENO1,MCF7,3UTR,1,0.98,CGUACCGCUUCCUUAGAACUU
HIST1H1E,293T/17,CDS,2,0.56,GAGAAGACUCCCGUGAAGAAG
HIST1H1E,293T/17,CDS,2,0.69,GUGUCCGAGCUCAUUACUAAA
HIST1H1E,293T/17,CDS,2,0.65,GAAGCCAAGCCUAAGGCUAAA
HIST1H1E,293T/17,CDS,2,0.62,GGCGAAAGCAGCCAAGCCAAA
HIST1H1E,293T/17,CDS,2,0.79,CUUUGGCCGCUCUCAAGAAAG
HIST1H1E,293T/17,CDS,2,0.68,CCAAGAAGAGCGCCAAGAAGA
RPS11,A549,CDS,2,0.97,GCACCUACAUUGACAAGAAAU
RPS11,A549,CDS,2,0.96,GAUGCAGAGGACCAUUGUCAU
RPS11,A549,CDS,2,0.79,CGGUACUACAAGAACAUCGGU
RPS11,A549,CDS,1,0.99,GCACCUACAUUGACAAGAAAU
RPS11,A549,CDS,1,0.99,GAUGCAGAGGACCAUUGUCAU
RPS11,A549,CDS,1,0.98,CCGAGACUAUCUGCACUACAU
RPS11,A549,CDS,1,0.95,CGGUACUACAAGAACAUCGGU
RPL8,293T/17,CDS,1,0.94,CCAGUUUGUGUAUUGCGGCAA
RPL8,293T/17,CDS,1,0.85,GCGUACCACAAAUAUAAGGCA
RPL8,293T/17,CDS,1,0.96,AGGGAACUAUGCCACCGUUAU
RPL8,293T/17,CDS,1,0.98,CCGAAUUGACAAACCCAUCUU
RPL19,A549,CDS,1,0.99,CCACAUGUAUCACAGCCUGUA
RPL19,A549,CDS,1,0.98,CCAGGCCAAGAAGGAGGAGAU
RPL19,A549,CDS,1,0.94,CGUGAAUCUAAGAAGAUCGAU
RPL5,A549,CDS,2,0.95,GCCUACUUUAAGAGAUACCAA
RPL5,A549,CDS,2,0.99,CCCUCACAGUACCAAACGAUU
RPL5,A549,CDS,2,0.98,GAUGAUAGUUCGUGUGACAAA
RPL5,A549,CDS,2,0.79,CGCUACUUAAUGGAAGAAGAU
LDHB,A549,CDS,1,0.81,GCGUUAUCAACCAGAAGCUAA
LDHB,A549,CDS,1,0.96,CGUGAUUGGAAGUGGAUGUAA
LDHB,A549,CDS,1,0.92,GCUUAUUUCUUCAGACACCUA
LDHB,A549,CDS,2,0.89,CGUGAUUGGAAGUGGAUGUAA
LDHB,A549,3UTR,2,0.98,AGCUCUAGGCUGUAGAAAUUU
RPS4X,293T/17,CDS,1,0.98,GCCAAGUACAAGUUGUGCAAA
RPS4X,293T/17,CDS,1,0.76,GUUCACGUGAAAGAUGCCAAU
CKB,MCF7,CDS,2,0.61,ACCUCAUGCCUGCCCAGAAAU
CKB,MCF7,CDS,2,0.88,GAAGUUCUCGGAGGUGCUUAA
CKB,MCF7,CDS,2,0.94,GUCUAAGGACUAUGAGUUCAU
CKB,MCF7,CDS,2,0.88,ACUACGCGCUCAAGAGCAUGA
CKB,MCF7,CDS,1,0.57,GCAACAUGAAGGAGGUGUUCA
CKB,MCF7,CDS,1,0.66,CCGCGGUAUCUGGCACAAUGA
CKB,MCF7,3UTR,1,0.92,GCCCUGCUGCUUCCUAACUUA
CKB,MCF7,3UTR,1,0.8,CCCUGCUGCUUCCUAACUUAU
CKB,MCF7,CDS,1,0.89,CCCAGAUUGAAACUCUCUUCA
CKB,MCF7,CDS,1,0.5,CUCUUCAAGUCUAAGGACUAU
RPL35,293T/17,CDS,1,0.94,GCCCGUGUUCUCACAGUUAUU
RPL35,293T/17,CDS,1,0.87,GCCUAAGAAGACACGUGCCAU
RPL35,293T/17,CDS,1,0.95,GUUAUUAACCAGACUCAGAAA
RPL35,293T/17,CDS,1,0.82,CGGAAAUCCAUUGCCCGUGUU
ACTG1,297T/17,CDS,1,0.77,GCUGGCAAGAACCAGUUGUUU
ACTG2,297T/17,CDS,1,0.61,GCGUGGCAUCCUGACCCUGAA
ACTG3,297T/17,CDS,1,0.65,CGCAUCCUCCUCUUCUCUGGA
ACTG4,297T/17,CDS,1,0.74,CCGAGCCGUGUUUCCUUCCAU
ACTG5,297T/17,CDS,2,0.65,CCGAGCCGUGUUUCCUUCCAU
EIF2B5,A549,CDS,1,0.85,UGCACGUAACAGCUAAGGAAU
EIF2B6,A549,CDS,1,0.92,CCAAAGAGAUACAACUGACAA
ATP5B,A549,CDS,1,0.54,GCUGGUAUAUGGUCAAAUGAA
ATP5B,A549,CDS,1,0.97,GCGUUUCUUGUCUCAGCCAUU
ATP5B,A549,CDS,1,0.98,GCACAGUAAGGACUAUUGCUA
ATP5B,A549,CDS,1,0.8,GUCUGCAUUAUUGGGCCGAAU
ATP5B,A549,CDS,2,0.93,GCACAGUAAGGACUAUUGCUA
ATP5B,A549,CDS,2,0.88,GCAAACAUCUCCUUCGCCAAA
ATP5B,A549,CDS,2,0.99,GCGUUUCUUGUCUCAGCCAUU
ATP5B,A549,CDS,2,0.82,GUCUGCAUUAUUGGGCCGAAU
UBB,293T/17,CDS,1,0.91,CCUGCGUCUGAGAGGUGGUAU
UBB,293T/17,CDS,1,0.88,GUGAAGGCCAAGAUCCAAGAU
UBB,293T/17,CDS,1,0.87,CCGUACUCUUUCUGACUACAA
UBB,293T/17,CDS,1,0.87,GCCAAGAUCCAGGAUAAAGAA
RPL27,A549,CDS,2,0.98,CGCCAAGAGAUCAAAGAUAAA
RPL27,A549,CDS,1,0.93,GCUGUCAUCGUGAAGAACAUU
RPL27,A549,CDS,1,0.97,GUGUAUAACUACAAUCACCUA
RPL27,A549,CDS,1,0.99,GAGAUCCUGCUCUUAAACGCA
RPS12,293T/17,CDS,1,0.5,UGAACACCAAAUCAACCUAAU
RPS12,293T/17,CDS,2,0.74,CCCUUUGUGCUGAACACCAAA
RPS12,293T/17,CDS,2,0.87,ACUGUGAUGAGCCUAUGUAUG
RPS12,293T/17,CDS,2,0.97,GACGUUAAUACUGCUUUACAA
RPS12,293T/17,CDS,2,0.97,CGAAGCUGCCAAAGCCUUAGA
RPS12,293T/17,CDS,2,0.56,GACAACAAGAAACUAGGAGAA
HIS1H4D,293T/17,CDS,1,0.58,GCGUGACAAUAUCCAAGGAAU
HIS1H4D,293T/17,CDS,1,0.52,CUCGCGGAGUGCUGAAAGUUU
HIST1H4H,MCF7,CDS,2,0.77,GGCAUCACUAAGCCAGCUAUC
HIST1H4H,MCF7,CDS,2,0.61,GUGACGCUGUCACUUACACAG
HIST1H4H,MCF7,CDS,1,0.51,CGUGACGCUGUCACUUACACA
GNB2L1,A549,CDS,2,0.96,UACCCUGGGUGUGUGCAAAUA
GNB2L1,A549,CDS,2,0.84,AGGAUGGCCAGGCCAUGUUAU
GNB2L1,A549,CDS,2,0.92,CAAGCUGAAGACCAACCACAU
GNB2L1,A549,CDS,2,0.92,GAUGUGGUUAUCUCCUCAGAU
GNB2L1,A549,CDS,2,0.89,CCAGGGAUGAGACCAACUAUG
GNB2L1,A549,CDS,1,0.93,CAAGCUGAAGACCAACCACAU
RPL11,A549,CDS,2,0.99,GCGGGAGUAUGAGUUAAGAAA
RPL11,A549,CDS,2,0.97,CAUCCGCAAACUCUGUCUCAA
RPL11,A549,CDS,2,0.99,CAACUUCUCAGAUACUGGAAA
RPL11,A549,CDS,2,0.99,AGAUACACUGUCAGAUCCUUU
RPL11,A549,CDS,1,1,GCGGGAGUAUGAGUUAAGAAA
RPL11,A549,CDS,1,0.99,CAACUUCUCAGAUACUGGAAA
RPL11,A549,CDS,1,1,CCGCAAACUCUGUCUCAACAU
RPL11,A549,CDS,1,0.97,CAUCCGCAAACUCUGUCUCAA
RPL11,A549,CDS,1,0.99,AGAUACACUGUCAGAUCCUUU
H2AFZ,A549,CDS,1,0.79,CCGUAUUCAUCGACACCUAAA
H2AFZ,A549,CDS,1,0.88,CGUGGAGAUGAAGAAUUGGAU
H2AFZ,A549,CDS,1,0.95,GUACUUGAACUGGCAGGAAAU
H2AFZ,A549,CDS,1,0.9,CCACAAAUCUCUGAUUGGGAA
H2AFZ,A549,CDS,2,0.83,GUACUUGAACUGGCAGGAAAU
H2AFZ,A549,CDS,2,0.93,CGUGGAGAUGAAGAAUUGGAU
H2AFZ,A549,3UTR,2,0.99,GCUUCAAAGAAGCUAUUGAUU
H2AFZ,A549,CDS,2,0.66,CCACAAAUCUCUGAUUGGGAA
PRDX1,A549,CDS,1,0.6,CCAUGAACAUUCCUUUGGUAU
PRDX1,A549,CDS,1,0.99,GAUGAGACUUUGAGACUAGUU
PRDX1,A549,CDS,1,0.98,CCAGAUGGUCAGUUUAAAGAU
PRDX1,A549,CDS,1,0.97,GCUUUCAGUGAUAGGGCAGAA
PRDX1,A549,CDS,1,0.83,CCUGUCUGACUACAAAGGAAA
RPS6,A549,CDS,2,1,CCCAAGAUUCAGCGUCUUGUU
RPS6,293T/17,CDS,2,0.92,GCUGCAGAAUAUGCUAAACUU
RPS6,293T/17,CDS,1,0.95,AUGAACGCAAACUUCGUACU
RPS6,293T/17,CDS,1,0.82,UACUUUCUAUGAGAAGCGUAU
TUBA1B,A549,CDS,1,0.9,GCUGAGAAAGCCUACCAUGAA
TUBA1B,A549,CDS,1,0.95,GCUGCCCUUGAGAAGGAUUAU
TUBA1B,A549,CDS,1,0.89,CCCACAGUCAUUGAUGAAGUU
TUBA1B,A549,CDS,1,0.91,GCUGUGUUUGUAGACUUGGAA
TUBA1B,A549,CDS,1,0.96,CCACAAGUUUGACCUGAUGUA
TUBA1B,A549,CDS,2,0.99,GCUGUGUUUGUAGACUUGGAA
TUBA1B,A549,CDS,2,0.97,AGGAGAGGAAUACUAAUUAUC
CHCHD3,A549,CDS,1.5,0.7,CGGACGAGAAUGAGAACAUCA
CHCHD3,A549,CDS,1,0.78,CGAAGAUCAGAAACGACUAAA
CHCHD3,A549,3UTR,1,0.96,CAGCAGAAUCAUUUCACGUUU
CHCHD3,A549,CDS,1.5,0.82,CCUCAGUUUCUGAUGAAGAAU
CHCHD3,A549,CDS,1.5,0.51,CGAGUGCUAAAGAAGCAGGAU
CHCHD3,A549,CDS,1.5,0.92,GCAUUGGAGCAAGCCAAGAAA
CHCHD3,A549,3UTR,2,0.94,GAGUAUUAGUAAACCCUCUUA
CHCHD3,A549,3UTR,2,0.96,CAGCAGAAUCAUUUCACGUUU
CHCHD3,A549,CDS,2,0.81,GCAUUGGAGCAAGCCAAGAAA
CHCHD3,A549,CDS,2,0.85,CGAAGAUCAGAAACGACUAAA
CHCHD3,A549,CDS,2,0.67,CCUCAGUUUCUGAUGAAGAAU
PKM,A549,3UTR,1,0.64,CUUUCCUGUGUGUACUCUGUC
PKM,A549,CDS,1,0.99,GUUCGGAGGUUUGAUGAAAUC
PKM,A549,CDS,1,0.97,GCCCGAGGCUUCUUCAAGAAG
PKM,A549,CDS,1,0.59,CGGGUGAACUUUGCCAUGAAU
PKM,A549,CDS,2,1,GCUGUGGCUCUAGACACUAAA
PKM,A549,CDS,2,0.99,GUUCGGAGGUUUGAUGAAAUC
PKM,A549,3UTR,2,0.98,CAACGCUUGUAGAACUCACUC
PKM,A549,CDS,2,0.99,CGUGGAUGAUGGGCUUAUUUC
HSPA8,A549,CDS,1,0.68,GCCCGAUUUGAAGAACUGAAU
HSPA8,A549,CDS,1,0.96,GCAACUGUUGAAGAUGAGAAA
HSPA8,A549,CDS,1,0.92,CCAAGACUUCUUCAAUGGAAA
HSPA8,A549,CDS,1,0.58,CCCUGAUGAAGCUGUUGCUUA
HSPA8,A549,CDS,1,0.55,CCACCAUUGAAGAGGUUGAUU
HSP90AB1,A549,3UTR,1,0.63,GCAGUAAACUAAGGGUGUCAA
HSP90AB1,A549,CDS,1,0.67,GCCUUGGACAAGAUUCGCUAU
HSP90AB1,A549,CDS,2,0.97,CGCAUGGAAGAAGUCGAUUAG
HSP90AB1,A549,3UTR,2,0.84,CUUGUGUUGAAGGCAGUAAAC
FBL,A549,CDS,2,0.99,GAUUUCGGAAGGAGAUGACAA
FBL,A549,CDS,2,0.99,CCUUGAGCCAUAUGAAAGAGA
FBL,A549,CDS,1.5,0.95,GAGGGUGUCUUCAUUUGUCGA
FBL,A549,CDS,1.5,0.83,GUCUCGAUUUCGGAAGGAGAU
FBL,A549,CDS,1.5,0.99,CCUUGAGCCAUAUGAAAGAGA
FBL,A549,CDS,1.5,0.77,GAGCCAUAUGAAAGAGACCAU
FBL,A549,CDS,1.5,0.96,GAUUUCGGAAGGAGAUGACAA
FBL,A549,CDS,1.5,0.94,GACACUUUGUGAUUUCCAUUA
FBL,A549,CDS,1.5,0.97,GCAAUGGUGGAUGUGAUCUUU
FBL,A549,CDS,1.5,0.99,GACCAACAUCAUUCCUGUGAU
FBL,A549,CDS,1.5,0.85,CAAGAAGAGGACCAACAUCAU
CALR,A549,CDS,1,0.61,CCAGUAUCUAUGCCUAUGAUA
CALR,A549,CDS,1,0.68,CGAGGAGAAAGAUAAAGGUUU
CALR,A549,CDS,1,0.97,CGUCUACUUCAAGGAGCAGUU
CALR,A549,CDS,1,0.91,GCACGGAGACUCAGAAUACAA
CALR,A549,CDS,2,0.95,GCACGGAGACUCAGAAUACAA
CALR,A549,CDS,2,0.99,CGUCUACUUCAAGGAGCAGUU
CALR,A549,CDS,2,0.99,UGGUGCAGUUCACGGUGAAAC
CALR,A549,CDS,2,0.97,CUCCCGAUCCCAGUAUCUAUG
RPL18,293T/17,CDS,2,0.84,UUGUGUUGAAGAGGUUGUUUA
RPL18,293T/17,CDS,2,0.91,CUGAGGCUGUUGGUCAAGUUA
RPL18,293T/17,CDS,2,0.9,CCGAGAGGUGUACCGGCAUUU
RPL18,293T/17,CDS,2,0.9,AGAAGAACCAACUCCACAUUC
RPL18,293T/17,CDS,2,0.86,GUACCCAAACUGAAGGUAUGU
RPL18,293T/17,CDS,1,0.81,GUUGGUCAAGUUAUACAGGUU
RPL13A,293T/17,3UTR,1,0.93,GCCCAAUAAAGACUGUUAAUU
RPL13A,293T/17,CDS,1,0.94,GCAUCAACAUUUCUGGCAAUU
RPL13A,293T/17,CDS,1,0.9,CCUACAAGAAAGUUUGCCUAU
RPL13A,293T/17,CDS,1,0.91,CAUCAACAUUUCUGGCAAUUU
RPL13A,293T/17,CDS,1,0.9,CCGGAAGAAGAAACAGCUCAU
RPS19,A549,CDS,1,0.93,CAGCAGGAGUUCGUCAGAGCU
RPS19,A549,CDS,1,0.73,ACGUCAGAGAAACGGCGUCAU
RFC3,293T/17,CDS,2,0.92,AUUAGCACCAUUGCAAGUAAC
RFC3,293T/17,CDS,2,0.89,AUAGUGACCGAGUAGUCAUUC
RFC3,293T/17,CDS,2,0.74,AGAUAUUUGCCACGUGUUAUC
RFC3,293T/17,CDS,2,0.87,AGCCUGCAGAGUGCAACAAUA
RFC3,293T/17,CDS,1,0.54,GCUGGAAAUAGUGACCGAGUA
RPS5,293T/17,CDS,1,0.67,GCAGGAUUACAUUGCAGUGAA
RPS5,293T/17,CDS,1,0.86,ACCGAUGAUGUGCAGAUCAAU
RPS5,293T/17,CDS,1,0.54,CGGAACAUUAAGACCAUUGCU
RPS5,293T/17,CDS,2,0.79,ACCGAUGAUGUGCAGAUCAAU
RPS5,293T/17,CDS,2,0.54,UCCUGGUGAACGCCAUCAUCA
TMSB10,293T/17,3UTR,1,0.96,CCCAGUCGUGAUGUGGAGGAA
TMSB10,293T/17,CDS,1,0.58,CUGCCGACCAAAGAGACCAUU
TMSB10,293T/17,CDS,1,0.91,CAGGAGAAGCGGAGUGAAAUU
TMSB10,293T/17,CDS,1,0.72,GCCGACCAAAGAGACCAUUGA
FTL,293T/17,CDS,1,0.75,CUGGAGACUCACUUCCUAGAU
FTL,293T/17,CDS,1,0.85,GCUCACUCUCAAGCACGACUA
FTL,293T/17,CDS,1,0.56,CCUGGUCAAUUUGUACCUGCA
FTL,293T/17,CDS,1,0.57,GACAUCAAGAAGCCAGCUGAA
PCNA,A549,CDS,1,0.94,GAUGCUGUUGUAAUUUCCUGU
PCNA,A549,CDS,1,0.64,ACGUCUCUUUGGUGCAGCUCA
PRDX2,MCF7,CDS,1,0.94,CCUUCGCCAGAUCACUGUUAA
PRDX2,MCF7,CDS,1,0.74,CAGACGCUUGUCUGAGGAUUA
PRDX2,MCF7,CDS,1,0.86,GCCUGGCAGUGACACGAUUAA
PRDX2,MCF7,CDS,1,0.97,GUGAAGCUGUCGGACUACAAA
SAT1,A549,CDS,2,0.85,CCCGUGGAUUGGCAAGUUAUU
SAT1,A549,CDS,2,0.82,UCUUCGUGAUGAGUGAUUAUA
SAT1,A549,CDS,1,0.78,CCCGUGGAUUGGCAAGUUAUU
SAT1,A549,CDS,1,0.92,CGACAAGGAGUACUUGCUAAA
SAT1,A549,CDS,1,0.88,GCUUUGGCAUAGGAUCAGAAA
SAT1,A549,CDS,1,0.58,GCUGGCUAAAUAUGAAUACAU
CCT7,A549,CDS,2,0.89,GCCACAAUUCUGAAACUUCUU
CCT7,A549,CDS,2,0.97,GCUGAGUGGAACAUUCUCUAU
CCT7,A549,CDS,2,0.98,GCCAAAGUUGUCUUGUCCAAA
CCT7,A549,CDS,2,0.82,GCAAAGACUUUGGUAGACAUU
CCT7,A549,CDS,1,0.99,GCCAAAGUUGUCUUGUCCAAA
CCT7,A549,CDS,1,0.87,GCAAAGACUUUGGUAGACAUU
CCT7,A549,CDS,1,0.99,GCUGAGUGGAACAUUCUCUAU
CCT7,A549,CDS,1,0.97,GCCACAAUUCUGAAACUUCUU
RPL32,293T/17,CDS,1,0.78,GCAUUGACAACAGGGUUCGUA
RPL32,293T/17,CDS,1,0.9,CCAGAUCUUGAUGCCCAACAU
RPL32,293T/17,CDS,1,0.91,GCUGAUGUGCAACAAAUCUUA
RPL32,293T/17,CDS,1,0.91,CAGGGUUCGUAGAAGAUUCAA
COX6B1,A549,CDS,2,0.99,CGUUUCCCGGGAAGAUCUGAA
COX6B1,A549,CDS,2,0.87,CUGGCAGAACUACCUGGACUU
COX6B1,A549,CDS,2,0.96,GACUAGAAACUGCUGGCAGAA
COX6B1,A549,CDS,2,0.99,GCGAUAUCUCUGUGUGCGAAU
COX6B1,A549,CDS,1,0.82,CUGGCAGAACUACCUGGACUU
COX6B1,A3,CDS,1,0.73,GACCGCUAAAGGAGGCGAUAU
COX6B1,A3,CDS,1,0.54,CCAACCAGAACCAGACUAGAA
COX6B1,A549,CDS,1,0.95,GCGAUAUCUCUGUGUGCGAAU
FHIT,A549,CDS,2,0.84,CAUGGGACCUCUCUCACCUUU
FHIT,A549,CDS,2,0.7,ACGUUCACGUCCAUGUUCUUC
FHIT,MCF7,CDS,1,0.88,GCUGGAGACUUUCACAGGAAU
FHIT,MCF7,CDS,1,0.84,CCCUCUGUAGUGUUUCUCAAA
FHIT,MCF7,CDS,1,0.58,GUGAAUAGGAAACCUGUGGUA
RPL10A,A549,CDS,2,0.97,GCAGAUCAGCUUGAAGAACUA
RPL10A,A549,CDS,2,0.99,GUCCACAAUCAAGUUCCAAAU
RPL10A,A549,CDS,2,0.61,GCCAAGAAGUAUGAUGCGUUU
RPL10A,A549,CDS,2,0.92,AUGGACAUCGAGGCGCUGAAA
RPL10A,A549,CDS,2,0.99,AUCAAGCAGAUUCCACGAAUC
HIST1H2BK,A549,CDS,1,0.77,CAUGGGAAUCAUGAACUCCUU
HIST1H2BK,A549,CDS,1,0.84,GCUCGAAGAAAGCCGUGACUA
HIST1H2BK,A549,CDS,1,0.8,CUCCUUCGUCAACGACAUCUU
HIST1H2BK,A549,CDS,1,0.96,CAAGGAGAGCUACUCCGUAUA
HIST1H2BK,A549,3UTR,1,0.97,CCUCUUGAUCUCAUUCAGAUU
RPL24,Hepa 1-6,CDS,1,0.81,CCUCUACAGAAGGAAACACAA
RPL24,Hepa 1-6,CDS,1,0.92,CUGGUGCAUCUCUUGCUGAUA
RPL24,Hepa 1-6,CDS,1,0.94,GAGUCAGCAUUCCUUUCCAAA
RPL24,Hepa 1-6,CDS,1,0.89,UGGUGCAUCUCUUGCUGAUAU
RPL24,Hepa 1-6,CDS,1,0.86,GCCAGGACCGACGGGAAGGUU
PHB2,Hepa 1-6,CDS,1,0.66,CCCAGCAUGUACCAGCGUCUA
PHB2,Hepa 1-6,CDS,1,0.91,GCUGACAACCUUGUGCUGAAU
PHB2,Hepa 1-6,CDS,1,0.83,CUGAGCAAGAAUCCUGGCUAU
PHB2,Hepa 1-6,CDS,1,0.92,GCCUCAUUAAGGGUAAGAAAU
PHB2,Hepa 1-6,3UTR,1,0.95,AGGCAUCAUGUGAUGGACUUU
PSMB4,A549,CDS,2,0.99,GAGAGAGCUUCCUCGGUUAUG
PSMB4,A549,CDS,2,0.92,UACCGAGAUGCCCGUUCUUAC
PSMB4,A549,CDS,2,0.88,CUCUGGCGACUACGCUGAUUU
PSMB4,A549,CDS,2,0.89,CCGCAACAUCUCUCGCAUUAU
PSMB4,A549,CDS,1,0.59,GUGUUGAAAUAGAGGGACCAU
PSMB4,A549,CDS,1,0.97,UGCGAGUCAACAACAGUACCA
PSMB4,A549,CDS,1,0.95,CCGCAACAUCUCUCGCAUUAU
IMMP2L,NIH/3T3,CDS,1,0.76,GCUCUUGAAGGAGAUAUUGUA
IMMP2L,NIH/3T3,CDS,1,0.7,CACUCCAGACUGGUGAGAAAU
IMMP2L,NIH/3T3,CDS,1,0.83,GCGUGGUGACAUUGUGUCAUU
TPI1,Hepa 1-6,3UTR,1,0.75,CCUGACAAGUGAAAUCACCUU
TPI1,Hepa 1-6,CDS,1,0.93,GCCGCACAGAACUGCUACAAA
TPI1,Hepa 1-6,CDS,1,0.89,GUUCGAGCAAACCAAGGUCAU
TPI1,Hepa 1-6,CDS,1,0.88,CCCACCGCUUACAUCGACUUU
ERC1,A549,CDS,1.5,0.77,CCCUAAAUGCUCGGGAUGAAU
ERC1,A549,CDS,1.5,0.71,GCUAGUGACACCAUAGCAUUU
ERC1,A549,CDS,1.5,0.88,CAGGAACUAGAAUCCAUGAAA
ERC1,A549,3UTR,1,0.53,GCAAGGACUUUGAUACCAUUU
BTF3,A549,CDS,2,0.99,GCAGCGAACACUUUCACCAUU
BTF3,A549,CDS,2,0.98,GACAAAGCAGCUGACAGAAAU
BTF3,A549,CDS,2,0.91,CCCAGCAUCUUAAACCAGCUU
BTF3,A549,3UTR,2,0.99,UUCAUUCUUUGCAGCUAAUUA
BTF3,A549,CDS,2,0.97,AGGAACAGUGAUCCACUUUAA
BTF3,A549,CDS,1,0.82,CCCAGCAUCUUAAACCAGCUU
BTF3,A549,CDS,1,0.95,GCAGCGAACACUUUCACCAUU
HSP90AA1,A549,3UTR,2,0.98,UAUGGCAUGACAACUACUUUA
HSP90AA1,A549,CDS,2,0.87,GUUAUCCUACACCUGAAAGAA
HSP90AA1,A549,CDS,2,0.76,AGCUGCAUAUUAACCUUAUAC
HSP90AA1,A549,CDS,2,0.93,UACUUGGAGGAACGAAGAAUA
HSP90AA1,A549,CDS,1,0.8,GUUAUCCUACACCUGAAAGAA
HSP90AA1,A549,CDS,1,0.86,GAAGGAUGGUGACAAGAAGAA
ACTB,A549,CDS,1,0.9,CGAGAAGAUGACCCAGAUCAU
ACTB,A549,CDS,1,0.89,CGAAACUACCUUCAACUCCAU
ACTB,A549,CDS,1,0.5,CGUGCGUGACAUUAAGGAGAA
RPL23,A549,CDS,1,0.98,GCCACAGUCAAGAAAGGCAAA
RPL23,A549,CDS,1,0.82,CCUGUAUAUCAUCUCCGUGAA
RPL23,A549,CDS,1,0.99,CGGUAGGAGCUGUAAUCAAUU
RPL23,A549,CDS,1,0.99,UGCAGGAGUCAUAGUGAACAA
RPL23,A549,CDS,1,0.99,GCAGGAGUCAUAGUGAACAAU
RPL23,A549,CDS,2,1,CGGUAGGAGCUGUAAUCAAUU
RPL23,A549,CDS,2,1,GCCACAGUCAAGAAAGGCAAA
RPL23,A549,CDS,2,0.94,CCUGUAUAUCAUCUCCGUGAA
NPM1,A549,3UTR,1,0.69,GCCAAGAAUGUGUUGUCCAAA
NPM1,A549,CDS,1,0.96,GCGCCAGUGAAGAAAUCUAUA
NPM1,A549,CDS,1,0.64,GCCGACAAAGAUUAUCACUUU
NPM1,A549,CDS,1,0.93,CCUAGUUCUGUAGAAGACAUU
NPM1,A549,CDS,1,0.6,GCAAAGGAUGAGUUGCACAUU
NPM1,A549,CDS,2,0.91,CCUAGUUCUGUAGAAGACAUU
NUCKS1,MCF7,3UTR,1,0.89,CAUUUCUCUCUCUCUCUCUUU
NUCKS1,MCF7,CDS,1,0.96,CGGCAUCUAAAGCAGCUUCUA
NUCKS1,MCF7,CDS,1,0.94,CACUCAGCAGAGGAUAGUGAA
NUCKS1,MCF7,CDS,1,0.65,CCAAACCCAGACUAAAGGCUA
NUCKS1,MCF7,CDS,1,0.99,GUUGUUGAUUACUCACAGUUU
SLC25A5,A549,CDS,2,0.95,AGCAAUACAAAGGCAUUAUAG
SLC25A5,A549,3UTR,2,0.99,GUGAACAGGCAUGUUGUAUUA
SLC25A5,A549,CDS,2,0.9,CAAGAAGUACACAUAAGUUAU
SLC25A5,A549,CDS,2,0.99,CCGCCUACUUCGGUAUCUAUG
SLC25A5,A549,CDS,2,1,GUGUCUGUGCAGGGUAUUAUC
MCM7,A549,CDS,2,0.98,GUGGAGAAAGAAGAUGUGAAU
MCM7,A549,CDS,2,0.9,CCGAGUUGGUGGACUCAAUUU
MCM7,A549,CDS,1,0.89,GUGGAGAAAGAAGAUGUGAAU
RAN,MCF7,CDS,2,0.74,UGGACUGAGAGAUGGCUAUUA
RAN,MCF7,3UTR,2,0.62,GAGUGAAUGUGGCAGUUUAAA
RAN,MCF7,CDS,2,0.71,CGAGAGUUACUUACAAGAAUG
RAN,MCF7,CDS,2,0.74,ACGUCAUUUGACUGGUGAAUU
RAN,MCF7,CDS,2,0.8,GACCCUAACUUGGAAUUUGUU
RAN,MCF7,CDS,2,0.67,CACCAACAGAGGACCUAUUAA
RAN,MCF7,CDS,2,0.61,AGCCCAGUGUGCCAUCAUAAU
RAN,MCF7,CDS,1,0.93,GCACAGUAUGAGCACGACUUA
RAN,MCF7,CDS,1,0.89,ACGUCAUUUGACUGGUGAAUU
RAN,MCF7,CDS,1,0.87,GACCCUAACUUGGAAUUUGUU
RAN,MCF7,CDS,1,0.62,CAGUUCAAACUUGUAUUGGUU
RAN,MCF7,CDS,1,0.56,GUGGAUAUUAAGGACAGGAAA
XRCC6,A549,CDS,1,0.5,CACAUACAGAAGUGACAGCUU
XRCC7,A549,3UTR,1,0.91,AAGAGUCUACCCGACAUAAG
XRCC8,A549,CDS,1,0.97,GAUGAGUCAUAAGAGGAUCAU
XRCC9,A549,CDS,1,0.89,CGUCAGAUUAUACUGGAGAAA
KLHL15,A549,CDS,1,0.53,CUGAAUUUGCUGUAGGUGUUA
KLHL15,A549,CDS,1,0.61,CUGAGUAUGAAUACCGUUCAU
HSP90B1,293T/17,CDS,1,0.67,CGACGAAUUAAGGAAGAUGAA
HSP90B1,293T/17,CDS,1,0.9,CGUGGUCUGUUUGACGAAUAU
HSP90B1,293T/17,CDS,1,0.96,CCUGUGGAUGAAUACUGUAUU
HSP90B1,293T/17,3UTR,2,0.71,AUCCUGUGUGGAGAGGGAAUG
HSP90B1,293T/17,CDS,2,0.73,CCUGUGGAUGAAUACUGUAUU
HSP90B1,293T/17,CDS,2,0.76,CGUGGUCUGUUUGACGAAUAU
HSP90B1,293T/17,CDS,2,0.84,GCGAGACUCUUCAGCAACAUA
HSP90B1,293T/17,CDS,2,0.64,CCAUGAUAUGAUGCCUAAAUA
PRKG1,A549,CDS,1,0.6,CCAGUCUUUCUUAGAACUUUA
PRKG1,A549,CDS,1,0.58,GGCUCAUUCCGAUUUCAUAGU
PRKG1,A549,3UTR,1,0.83,GUCCAUAUACUUGUCUAACUA
PRKG1,A549,CDS,1,0.53,CAGAACAUUUAAGGACAGCAA
PRKG1,A549,CDS,1,0.69,CAUCAGCAAAGGAACGGUAAA
CANX,A549,CDS,2,0.72,CGUGAAAUUGAGGACCCAGAA
CANX,A549,CDS,2,0.81,GCCAAGAAAGACGAUACCGAU
CANX,A549,CDS,2,0.96,GCUGAUCGAAGAAUAGUUGAU
CANX,A549,CDS,2,0.89,CCUGGAUCAGUUCCAUGACAA
CANX,A549,CDS,2,0.94,CGAUGAUGAAAUUGCCAAAUA
CANX,A549,CDS,1,0.9,CGAUGAUGAAAUUGCCAAAUA
CANX,A549,CDS,1,0.94,CGUGAAAUUGAGGACCCAGAA
CANX,A549,CDS,1,0.97,GCUGAUCGAAGAAUAGUUGAU
CANX,A549,CDS,1,0.92,CCUGGAUCAGUUCCAUGACAA
CANX,A549,CDS,1,0.84,GCCAAGAAAGACGAUACCGAU
HIST1H2AG,A549,CDS,1,0.92,CCCAACAUUCAGGCCGUGCUA
HIST1H2AG,A549,CDS,1,0.74,AGGCCAAGACUCGCUCUUCUA
CSE1L,A549,CDS,1,0.69,CCUGGGUUACUAGGUGUCUUU
CSE1L,A549,CDS,1,0.96,GCAUGGAAUUACACAAGCAAA
CSE1L,293T/17,CDS,1,0.85,CCGUCUUCCUAUAUGGCCUUA
CSE1L,A549,CDS,1,0.76,CCGUCAUGAAUUUAAGUCAAA
CSE1L,A549,CDS,1,0.91,CGCUGACAAGUAUCUGUGAAA
XRCC5,A549,CDS,1,0.81,CGUGGGCUUUACCAUGAGUAA
XRCC5,A549,CDS,1,0.89,CCUCAUAUCAAGCAUAACUAU
XRCC5,A549,CDS,1,0.57,CGCUUUAACAACUUCCUGAAA
XRCC5,A549,CDS,1,0.63,UGAAGAUGGACCUACAGCUAA
XRCC5,A549,3UTR,1,0.76,AAUCUAAGAGAGCUGCCAUCG
XRCC5,A549,CDS,1,0.89,AGAGGAAGCCUCUGGAAGUUC
XRCC5,A549,CDS,2,0.95,CGUGGGCUUUACCAUGAGUAA
XRCC5,A549,CDS,2,0.96,AGAGGAAGCCUCUGGAAGUUC
XRCC5,A549,3UTR,2,0.91,AAUCUAAGAGAGCUGCCAUCG
TMBIM6,A549,CDS,1.5,0.89,CAACACCUCAUAGCCAUGAAA
TMBIM6,A549,3UTR,1,0.81,GCAGCAAUCCUAAUAGUCCUU
TMBIM6,A549,CDS,1.5,0.83,GAUUAUAUCUGGCACUGCAUU
TMBIM6,A549,CDS,1,0.74,CGAACAUGGAGAUCAAGAUUA
TMBIM6,A549,CDS,1.5,0.7,CCUGAUAUUGAUGAUUUGGCU
NCL,A549,3UTR,1,0.88,CCUUGGAAAUCCGUCUAGUUA
NCL,A549,CDS,1,0.96,CGGUGAAAUUGAUGGAAAUAA
NCL,A549,3UTR,2,0.78,CCUUGGAAAUCCGUCUAGUUA
NCL,A549,CDS,2,0.81,GCACUUGGAGUGGUGAAUCAA
NCL,A549,CDS,2,0.92,CGGUGAAAUUGAUGGAAAUAA
NCL,A549,CDS,2,0.5,CGUUCGGGCAAGGAUAGUUAC
NCL,A549,CDS,2,0.98,AGUAAAGGGAUUGCUUAUAUU
CNBP,A549,CDS,2,0.59,CGGAUAGAGGUUUCCAGUUUG
CNBP,A549,3UTR,2,0.96,UCUGACCUCAGUAGCUAUUAA
CNBP,A549,CDS,2,0.98,AUUGAGGCUACAGCCUAAUUA
CNBP,A549,CDS,2,0.78,GCACCAAAGUGAAGUGCUAUA
HNRNPA2B1,A549,CDS,1,0.6,AGAAGCUGUUUGUUGGCGGAA
HNRNPA2B1,A549,CDS,1,0.68,UGACAACUAUGGAGGAGGAAA
HNRNPA2B1,A549,CDS,1,0.78,CAGAAAUACCAUACCAUCAAU
HNRNPA2B1,A549,3UTR,1,0.66,GCUUCUUCCUAUUUGCCAUGG
SRSF1,A549,3UTR,1,0.73,GCAACCACGAAACCUGUAAUA
SRSF1,A549,CDS,1,0.5,ACUGCCUACAUCCGGGUUAAA
SRSF1,A549,CDS,1,0.73,ACUUACCUCCAGACAUCCGAA
SRSF1,A549,CDS,1,0.91,GAAGCAGGUGAUGUAUGUUAU
PFN1,A549,CDS,2,1,UACGUGAAUGGGCUGACACUU
PFN1,A549,CDS,2,0.9,GUCCACGGUGGUUUGAUCAAC
PFN1,A549,CDS,2,1,GUCCUGCUGAUGGGCAAAGAA
PFN1,A549,CDS,2,1,GCAUGGAUCUUCGUACCAAGA
PFN1,A549,CDS,1,0.98,UACGUGAAUGGGCUGACACUU
PFN1,A549,CDS,1,0.99,GCAUGGAUCUUCGUACCAAGA
PFN1,A549,CDS,1,0.98,GUCCUGCUGAUGGGCAAAGAA
HNRNPH1,A549,CDS,1,0.63,CCUGUGAGAGUACACAUUGAA
HNRNPH1,A549,CDS,1,0.59,CUCAUUAUGAUCCACCACGAA
HNRNPH1,A549,3UTR,2,0.75,UUGCCCUUUGCCACGUUAAAU
HNRNPH1,A549,CDS,2,0.67,CAAGUCAAACAACGUUGAAAU
HNRNPH1,A549,CDS,2,0.98,AGCUGAAGUUAGAACUCAUUA
HNRNPH1,A549,CDS,2,0.72,GAUCCACCACGAAAGCUUAUG
